{"cameraMode":{"drawMode":0,"name":"Shaded","section":"Shading Mode"},"sceneLighting":true,"audioPlay":false,"sceneViewState":{"m_AlwaysRefresh":false,"showFog":true,"showSkybox":true,"showFlares":true,"showImageEffects":true,"showParticleSystems":true,"showVisualEffectGraphs":true,"m_FxEnabled":true},"in2DMode":false,"pivot":{"x":-5.4470534324646,"y":1.0265291929244996,"z":10.636883735656739},"rotation":{"x":0.1452348381280899,"y":-0.028198547661304475,"z":0.004141474608331919,"w":0.9889898300170898},"size":15.106181144714356,"orthographic":false}